{
  "timestamp": "2026-05-26T01:51:00.892304Z",
  "test_samples": 99,
  "num_classes": 3,
  "class_names": [
    "High",
    "Low",
    "Medium"
  ],
  "accuracy": 0.9090909090909091,
  "precision": 0.9118967452300785,
  "recall": 0.9090909090909091,
  "f1_score": 0.909555007232196,
  "roc_auc": 0.9815131951242781,
  "confusion_matrix": [
    [
      24,
      0,
      5
    ],
    [
      0,
      36,
      1
    ],
    [
      3,
      0,
      30
    ]
  ],
  "classification_report": {
    "High": {
      "precision": 0.8888888888888888,
      "recall": 0.8275862068965517,
      "f1-score": 0.8571428571428571,
      "support": 29.0
    },
    "Low": {
      "precision": 1.0,
      "recall": 0.972972972972973,
      "f1-score": 0.9863013698630136,
      "support": 37.0
    },
    "Medium": {
      "precision": 0.8333333333333334,
      "recall": 0.9090909090909091,
      "f1-score": 0.8695652173913043,
      "support": 33.0
    },
    "accuracy": 0.9090909090909091,
    "macro avg": {
      "precision": 0.9074074074074074,
      "recall": 0.9032166963201447,
      "f1-score": 0.904336481465725,
      "support": 99.0
    },
    "weighted avg": {
      "precision": 0.9118967452300785,
      "recall": 0.9090909090909091,
      "f1-score": 0.909555007232196,
      "support": 99.0
    }
  }
}