{
  "timestamp": "2026-05-26T00:29:06.375651Z",
  "test_samples": 99,
  "num_classes": 3,
  "class_names": [
    "High",
    "Low",
    "Medium"
  ],
  "accuracy": 0.9292929292929293,
  "precision": 0.93048128342246,
  "recall": 0.9292929292929293,
  "f1_score": 0.9297514089990067,
  "roc_auc": 0.9807144930716576,
  "confusion_matrix": [
    [
      26,
      0,
      3
    ],
    [
      0,
      36,
      1
    ],
    [
      3,
      0,
      30
    ]
  ],
  "classification_report": {
    "High": {
      "precision": 0.896551724137931,
      "recall": 0.896551724137931,
      "f1-score": 0.896551724137931,
      "support": 29.0
    },
    "Low": {
      "precision": 1.0,
      "recall": 0.972972972972973,
      "f1-score": 0.9863013698630136,
      "support": 37.0
    },
    "Medium": {
      "precision": 0.8823529411764706,
      "recall": 0.9090909090909091,
      "f1-score": 0.8955223880597015,
      "support": 33.0
    },
    "accuracy": 0.9292929292929293,
    "macro avg": {
      "precision": 0.9263015551048005,
      "recall": 0.926205202067271,
      "f1-score": 0.926125160686882,
      "support": 99.0
    },
    "weighted avg": {
      "precision": 0.93048128342246,
      "recall": 0.9292929292929293,
      "f1-score": 0.9297514089990067,
      "support": 99.0
    }
  }
}