{
  "timestamp": "2026-05-28T05:51:12.870409Z",
  "current_accuracy": 0.9090909090909091,
  "current_f1": 0.909555007232196,
  "current_roc_auc": 0.9803972438515872,
  "alert": false,
  "accuracy_drop": 0.0,
  "baseline_accuracy": 0.9090909090909091
}