{
  "timestamp": "2026-05-26T00:29:07.626727Z",
  "current_accuracy": 0.9292929292929293,
  "current_f1": 0.9297514089990067,
  "current_roc_auc": 0.9807144930716576,
  "alert": false
}